beta_schedule,case_id,data_seed,epsilon,generator_id,generator_seed,model_seed,primary_steps,status,wall_seconds,energy_score_fair,mean_effect_nrmse_steps_128,mean_effect_nrmse_steps_256,mean_effect_nrmse_steps_64,mean_effect_slope_steps_128,mean_effect_slope_steps_256,mean_effect_slope_steps_64,best_epoch,fit_wall_seconds,quartic_effect_delta_0.12_steps_128_nrmse,quartic_effect_delta_0.12_steps_128_slope,quartic_effect_delta_0.12_steps_256_nrmse,quartic_effect_delta_0.12_steps_256_slope,quartic_effect_delta_0.12_steps_64_nrmse,quartic_effect_delta_0.12_steps_64_slope,quartic_effect_delta_1_steps_128_nrmse,quartic_effect_delta_1_steps_128_slope,quartic_effect_delta_1_steps_256_nrmse,quartic_effect_delta_1_steps_256_slope,quartic_effect_delta_1_steps_64_nrmse,quartic_effect_delta_1_steps_64_slope
linear,066f8b004f617d55376f_linear,601,1.0,g1_gaussian_sanity,61,6001,128,ok,3.484172958007548,1.5392249350549403,0.3367484108752881,0.33705412420881203,0.3367118589503095,0.9421191483680678,0.9427226584966845,0.9418403930112039,54,1.4352520419924986,,,,,,,,,,,,
squared,066f8b004f617d55376f_squared,601,1.0,g1_gaussian_sanity,61,6001,128,ok,2.5971612500143237,1.5345760904675319,0.32617250775313883,0.32454017219253284,0.3267551641132611,0.8590888630914251,0.8653961019198295,0.850958843007656,36,1.1154534999805037,,,,,,,,,,,,
linear,06a51b07e2fcfce73fd2_linear,607,1.0,g1_gaussian_sanity,61,6001,128,ok,2.994328291999409,1.4654878711665293,0.3392896359140431,0.3401004734851885,0.33776491770220823,0.9853002094206592,0.9856470512912743,0.9843521770794176,48,1.519899707986042,,,,,,,,,,,,
squared,06a51b07e2fcfce73fd2_squared,607,1.0,g1_gaussian_sanity,61,6001,128,ok,2.5549910420086235,1.474476518967933,0.303143487870776,0.3038032270393253,0.30127997690016634,0.9211142728245876,0.9267118385572426,0.911800597576937,34,1.0808638329908717,,,,,,,,,,,,
linear,06ee5a956aad9b8c74d5_linear,607,1.0,g1_gaussian_sanity,61,6007,128,ok,2.913411250017816,1.4769146192490634,0.3499940301806556,0.3508741381525043,0.34879339204156196,0.9413619852167388,0.9423416787875829,0.9405371722536301,51,1.4162610829807818,,,,,,,,,,,,
squared,06ee5a956aad9b8c74d5_squared,607,1.0,g1_gaussian_sanity,61,6007,128,ok,2.624812667025253,1.471889485200747,0.30868689194717125,0.3088514841986496,0.30860423045241736,0.8920077656034963,0.8970905280930835,0.8831480599808369,38,1.155710083025042,,,,,,,,,,,,
linear,09895c282634fe6ac387_linear,601,1.0,g8_functional_shape,61,6007,128,ok,5.993242292024661,0.7191713079497261,,,,,,,57,1.603952167002717,1.002489901058101,-0.0023431467405480018,0.9975486293749516,0.00251487184427639,1.0039943885419096,-0.003927663192513877,1.0014590905579461,-0.0013569606507897987,0.9911909713811629,0.008864252591470308,0.9995846728519414,0.000470271140119713
squared,09895c282634fe6ac387_squared,601,1.0,g8_functional_shape,61,6007,128,ok,5.907888042012928,0.7118939732598383,,,,,,,58,1.586372541001765,0.9968993121826474,0.0031227230439202468,0.999033782317851,0.0009832385578821075,0.9967964566663404,0.003217296599537159,0.9990219389678487,0.0009870473920527913,0.9950420349145546,0.00497143115535259,0.9990983937881702,0.0009149559815488174
linear,0e917e15af48f2f8e50e_linear,607,1.0,g1_gaussian_sanity,67,6001,128,ok,2.8726314160157926,1.4881028925677742,0.3005448581136127,0.30058127378340893,0.30029425156124806,0.8986834221626462,0.8988054822009228,0.8987970267951916,51,1.4034451250045095,,,,,,,,,,,,
squared,0e917e15af48f2f8e50e_squared,607,1.0,g1_gaussian_sanity,67,6001,128,ok,2.626573499990627,1.4912864625001419,0.3093670498293539,0.30896054225314007,0.3111549733305883,0.8692174069523257,0.8737562215079924,0.8601303858975068,40,1.1827730420045555,,,,,,,,,,,,
linear,4f2234f2ad9ed386138b_linear,607,1.0,g8_functional_shape,61,6001,128,ok,5.954234125005314,0.7029260243826728,,,,,,,59,1.7377796670189127,0.990186064659202,0.00996575872111377,0.9971461372731433,0.003009418740590246,0.9932117096968417,0.0069266652993748325,0.9964698833232036,0.003836869454354073,0.9903895934562716,0.009719248351019416,0.9884094309898667,0.011770507446014496
squared,4f2234f2ad9ed386138b_squared,607,1.0,g8_functional_shape,61,6001,128,ok,6.020840667013545,0.6954669266464836,,,,,,,59,1.6288040420040488,0.9971442136623956,0.0028893320099293994,1.0017726176636657,-0.0016878791446283618,0.9993380198157341,0.0006757157393334343,1.002488210262441,-0.002393904274843129,1.0014441924085722,-0.0014078297157342776,0.9923359568271048,0.007681564621925633
linear,957cce774ca7fcd5bbed_linear,601,1.0,g8_functional_shape,67,6007,128,ok,5.929223166021984,0.7183101105149395,,,,,,,59,1.6605275830079336,0.9948963212608538,0.005133219583195731,0.9972422271728703,0.0028138009111119446,1.0061815060257606,-0.006101158494445812,0.9910399891134186,0.008974239955771991,0.9918784210898332,0.008171117611345235,0.9957371463598155,0.004289853400033892
squared,957cce774ca7fcd5bbed_squared,601,1.0,g8_functional_shape,67,6007,128,ok,5.809595500002615,0.716059990669776,,,,,,,58,1.5824163330253214,1.0004698523978461,-0.0004612084769234455,1.0001670447601927,-0.00015588087536360512,1.0017625868045879,-0.0017502284315417647,0.9954666809829102,0.004556910430718177,0.9969710226436055,0.0030383222017498737,0.9993075972323655,0.0007008431738726503
linear,b5626a5f72c113314fcc_linear,607,1.0,g8_functional_shape,61,6007,128,ok,7.5080029999953695,0.723031550451355,,,,,,,56,1.8020345830009319,0.9908917942769875,0.009135836433230907,0.9951657404288035,0.004906454810801517,0.989927775519123,0.010099876046889288,0.9863471216031293,0.013732339420864808,0.9847356643778217,0.01538755153538897,0.9940830985336712,0.006068014955716594
squared,b5626a5f72c113314fcc_squared,607,1.0,g8_functional_shape,61,6007,128,ok,11.401719083019998,0.7085024049852576,,,,,,,58,4.318317833007313,0.9957850641311835,0.004270458442021465,1.0008805148902908,-0.0008653934464796009,0.9985733112720789,0.001450053491111158,0.9960044874086728,0.004025884990784591,0.9944043477658345,0.0056538502294680255,0.9914679305254533,0.008620232487531824
linear,b8bdf3c04d0fe4b2695f_linear,607,1.0,g8_functional_shape,67,6007,128,ok,5.77355537499534,0.7082786939519709,,,,,,,58,1.5565629999910016,0.9810681647786961,0.01898581869109806,0.9893127220915626,0.01075225298787255,0.9897641908264648,0.010295672341764445,0.9891442296332186,0.010881155705464602,0.983762765127962,0.016297138994494045,0.9885116123135271,0.011543942429463782
squared,b8bdf3c04d0fe4b2695f_squared,607,1.0,g8_functional_shape,67,6007,128,ok,5.741215791989816,0.7056215524143382,,,,,,,58,1.5510337080049794,0.9909041637855605,0.009131130831381926,1.0000945055494914,-8.059308041708192e-05,0.9993833897981487,0.0006285431162240784,0.9963846340890806,0.0036203874749673602,0.9977142311683208,0.0023246089836113466,0.9972479563114669,0.0027689958740964153
linear,c054bab30d4cecf30b6c_linear,601,1.0,g8_functional_shape,61,6001,128,ok,5.7005770840041805,0.7118486269917832,,,,,,,58,1.5316222499823198,0.9918836342357137,0.008169846199104415,0.9904991128301913,0.009545895724663729,0.9894218020371169,0.010613799152005115,0.9916838497890084,0.00840105329365571,0.9920833584519234,0.007953119220401603,0.9928554281744624,0.0072210356063081545
squared,c054bab30d4cecf30b6c_squared,601,1.0,g8_functional_shape,61,6001,128,ok,5.763905875006458,0.7128254903584579,,,,,,,59,1.5436113339965232,0.9975850623242691,0.002426782618392473,0.9978909096225878,0.00213362677090039,0.9966355229441161,0.0033671394851863424,0.9997060405158311,0.000313327221250571,1.0006121894098285,-0.0006040670144635289,1.0007981813765194,-0.0007861585509678638
linear,d73e00816d5eea40d855_linear,601,1.0,g1_gaussian_sanity,67,6007,128,ok,2.925113166013034,1.546353249159826,0.3230728993664818,0.3231971993937945,0.32325176098537534,0.8748559574268715,0.8748324879709566,0.874409495129037,58,1.415783750009723,,,,,,,,,,,,
squared,d73e00816d5eea40d855_squared,601,1.0,g1_gaussian_sanity,67,6007,128,ok,2.604802958026994,1.568472734335596,0.33474674222636047,0.3342861955801588,0.3378931496050982,0.8482800048183293,0.8519149902821316,0.8391618299135184,36,1.15237020800123,,,,,,,,,,,,
linear,de9d173970fa0aa43d5a_linear,607,1.0,g8_functional_shape,67,6001,128,ok,5.769904165994376,0.715175479412781,,,,,,,58,1.5674972079868894,1.0010193624424573,-0.0009351726173986819,0.9936928111891101,0.00637015672144542,1.0080885323682864,-0.008010575513480065,0.9982702963100869,0.0017912725819180175,0.9835614292475343,0.016556435554156396,0.9925952918275166,0.0075311953046244455
squared,de9d173970fa0aa43d5a_squared,607,1.0,g8_functional_shape,67,6001,128,ok,5.812340959004359,0.70620901836915,,,,,,,59,1.5493014579988085,0.9975827690554653,0.002431263354135629,1.0055088608589147,-0.005488860374129111,1.0043441109787528,-0.00434045363745409,1.003194898758288,-0.003152339914499166,0.9995564318734699,0.00046590081766645364,1.00336756876301,-0.0033281307246354913
linear,e49c15ba8519785604c9_linear,601,1.0,g1_gaussian_sanity,67,6001,128,ok,2.4607264999940526,1.5401678826190974,0.3105248990391651,0.3113571974574868,0.3109883711614438,0.8984603718916471,0.8986163777243497,0.8980238174995986,30,0.9683635410037823,,,,,,,,,,,,
squared,e49c15ba8519785604c9_squared,601,1.0,g1_gaussian_sanity,67,6001,128,ok,3.016951583995251,1.543010445881657,0.32703727686823325,0.32725986885485164,0.3276757590408191,0.8754399314233395,0.8798874322889314,0.86657601480216,55,1.446334874985041,,,,,,,,,,,,
linear,e4b642fb235381069832_linear,601,1.0,g1_gaussian_sanity,61,6007,128,ok,2.946465957997134,1.5375414159825482,0.3445151469227891,0.3449615751471625,0.34402313722382705,0.9168657016014123,0.9174318380379741,0.9161623249045641,58,1.4374744170054328,,,,,,,,,,,,
squared,e4b642fb235381069832_squared,601,1.0,g1_gaussian_sanity,61,6007,128,ok,3.0315702079969924,1.5386245673061163,0.31273286928717675,0.31223190009078106,0.31406653941565565,0.856309504782886,0.8607632104015345,0.8472351119074661,57,1.5264618750079535,,,,,,,,,,,,
linear,ef56349601f2aa0a5f81_linear,607,1.0,g1_gaussian_sanity,67,6007,128,ok,2.485348707996309,1.483308157257919,0.3464316853586602,0.3470606934405969,0.3463183794974736,0.8819737677532768,0.8817617031074805,0.8825067748991194,35,1.0431502079882193,,,,,,,,,,,,
squared,ef56349601f2aa0a5f81_squared,607,1.0,g1_gaussian_sanity,67,6007,128,ok,2.570535083010327,1.4759826200113901,0.34382078272685607,0.3436588781215664,0.3446438703237577,0.8405983536277849,0.845133719679883,0.8325488016399778,38,1.1424379159871023,,,,,,,,,,,,
linear,f59a41e6e750d2ab3cf9_linear,601,1.0,g8_functional_shape,67,6001,128,ok,6.409416000009514,0.7304698529602657,,,,,,,58,1.7569557499955408,0.9921776107993243,0.007878246410430879,0.9974808768991631,0.002657782060707712,0.9981938591293956,0.0020551736121260733,0.9934114826553897,0.006669300964911071,0.9989730837258722,0.0011024908607247094,1.0060057077657534,-0.0056386016296662966
squared,f59a41e6e750d2ab3cf9_squared,601,1.0,g8_functional_shape,67,6001,128,ok,5.74981779200607,0.7222114178609335,,,,,,,59,1.566934415983269,1.005206936404935,-0.005176655508421067,1.0028419878386627,-0.002820296186978005,1.003722603086373,-0.0037161794932595417,1.004468276461067,-0.004420303233209321,1.005619946130494,-0.005596185620078411,1.0070221709433569,-0.006935290212737313
