law,data_seed,family,region,energy,mean_squared_error,coverage90,width90,tail_brier,tail_probability_abs_error,sampling_seconds_per_history
bimodal,101,edm,boundary,0.47543532717552345,0.030904817080048174,0.8958333333333334,1.5068685225986937,0.04917748769124349,0.02244466145833329,0.0018748342081379998
bimodal,101,edm,central,0.5794791228185993,0.014106612887474683,0.9193522135416666,1.6774487101557505,0.05408541361490885,0.06832682291666665,0.0018822178947932998
bimodal,101,edm,extrapolated,0.723968206281405,0.30217547964840813,0.7103949652777778,1.3858246139701846,0.12683931986490884,0.24654947916666667,0.0018742578128391
bimodal,101,flow,boundary,0.44231708967412836,0.0025971703894672273,0.8711751302083334,1.362182134080329,0.05791632334391276,0.08481445312499998,0.00180550085497085
bimodal,101,flow,central,0.5724643126989534,0.004144272825551,0.9080403645833334,1.605602003834606,0.049933433532714844,0.03325195312499995,0.0018058836867567002
bimodal,101,flow,extrapolated,0.6222531704642547,0.2014791362059175,0.8758680555555555,1.5560259336296614,0.3596490224202474,0.5396809895833333,0.001804223958364
bimodal,101,gaussian_diag,boundary,0.46200529231220494,0.008521759071149835,0.8593478732638888,1.3136433032614916,0.06818072001139323,0.135546875,1.3322062538160631e-05
bimodal,101,gaussian_diag,central,0.6105706853692167,0.006948301724602454,0.9042154947916666,1.6328391332672048,0.05125999450683594,0.04368489583333331,1.4562500534035884e-05
bimodal,101,gaussian_diag,extrapolated,0.6494727957405808,0.24789441951579674,0.6351996527777778,1.1179168103911714,0.10306294759114583,0.1805989583333333,1.2624999120210608e-05
bimodal,101,gaussian_rank2,boundary,0.44963309147351205,0.004614541400103911,0.8620062934027778,1.3193977813443478,0.06337801615397136,0.11634114583333334,2.6547729551869754e-05
bimodal,101,gaussian_rank2,central,0.581939028883467,0.005323020809851783,0.9248046875,1.7059703043049363,0.052344322204589844,0.05369466145833331,2.4651062024834875e-05
bimodal,101,gaussian_rank2,extrapolated,0.5957606471719358,0.22082062051483853,0.7110731336805555,1.2140783512300575,0.060587565104166664,0.08307291666666666,2.068227089087789e-05
bimodal,101,gp_rbf,boundary,0.4771665370045582,0.010472939659964967,0.8884548611111112,1.4083780625302416,0.06400299072265625,0.1140625,2.748266706475988e-05
bimodal,101,gp_rbf,central,0.6240857164595411,0.009559945045936095,0.7945963541666666,1.3483789321307722,0.04954338073730469,0.03043619791666663,3.308333301295837e-05
bimodal,101,gp_rbf,extrapolated,2.0383917343728917,2.7054319996079292,0.5970052083333334,3.2149556895167404,0.04877535502115885,0.01975911458333332,2.6446165672192972e-05
bimodal,101,mdn4,boundary,0.43925969241904655,0.0020226619855348896,0.865234375,1.3679283564420937,0.04856650034586588,0.015543619791666631,0.000138637167159
bimodal,101,mdn4,central,0.5714622539192455,0.00590573311442754,0.8914659288194445,1.5279538416012821,0.04886945088704427,0.020865885416666643,0.00015357466691050001
bimodal,101,mdn4,extrapolated,0.7880019984565633,0.4473365017453657,0.6981608072916666,1.503197953562097,0.05263392130533854,0.05309244791666665,0.00014008160481649999
bimodal,101,ridge,boundary,0.46666675681279574,0.010561196903982628,0.9014756944444445,1.5957653541670653,0.08385785420735677,0.18356119791666667,9.074666498539347e-06
bimodal,101,ridge,central,0.5870338657597115,0.004088048929786258,0.9039713541666666,1.5727496410712052,0.0491021474202474,0.023404947916666616,9.215291356667876e-06
bimodal,101,ridge,extrapolated,1.8774784917150324,1.8357655098390326,0.5584852430555556,1.588477611292242,0.9415454864501953,0.9459309895833332,8.874999669690927e-06
bimodal,101,student_rank2,boundary,0.44957945240786784,0.009014406901173637,0.8514811197916666,1.2395487166585482,0.06218560536702474,0.11072591145833333,2.8935749772548054e-05
bimodal,101,student_rank2,central,0.5824656319013154,0.006272153950308495,0.9359266493055555,1.7926071863197726,0.053825060526529946,0.06534830729166664,2.6809020103731502e-05
bimodal,101,student_rank2,extrapolated,0.612174667144951,0.22905233688134977,0.6805826822916666,1.1314898297160376,0.055815696716308594,0.06778971354166666,2.3934020039935906e-05
bimodal,101,transformer_mdn4,boundary,0.43917704228322746,0.0027160708755953277,0.8719075520833334,1.3629727946012447,0.04885323842366537,0.020654296874999974,0.00144854945756375
bimodal,101,transformer_mdn4,central,0.5745544958410533,0.006466978409478602,0.8475748697916666,1.4237904508405552,0.048947652180989586,0.02314453124999998,0.00142591145777255
bimodal,101,transformer_mdn4,extrapolated,0.6838223046472237,0.30707710964553053,0.616916232638889,1.3415600180952838,0.05149968465169271,0.047786458333333316,0.0014887543535829501
bimodal,202,edm,boundary,0.4702612732120321,0.036776098846489566,0.8846842447916666,1.5279675172698404,0.04871527353922526,0.01801757812499997,0.00188626475088915
bimodal,202,edm,central,0.5832598588694211,0.010616207376688865,0.8899468315972222,1.607910389868749,0.05155467987060547,0.04337565104166664,0.0018795060617169499
bimodal,202,edm,extrapolated,0.852021206598598,0.4269331953540642,0.7142198350694445,1.502601000554953,0.1676626205444336,0.28006184895833336,0.0018707126679752002
bimodal,202,flow,boundary,0.4473053412737921,0.00789527185116972,0.8950737847222222,1.4248292552474553,0.0656280517578125,0.12285156250000001,0.0017965034579295002
bimodal,202,flow,central,0.5728589687657198,0.002828736026511179,0.8843587239583334,1.5383559117700143,0.04971631368001302,0.03147786458333329,0.0017863949797174
bimodal,202,flow,extrapolated,0.6693420732074546,0.2454310938346711,0.8460015190972222,1.5468057966530522,0.3254413604736328,0.51005859375,0.0017905625209095
bimodal,202,gaussian_diag,boundary,0.45969775684801056,0.003745228473686244,0.8861490885416666,1.427117194562756,0.06700897216796875,0.13310546875,1.4509542476541052e-05
bimodal,202,gaussian_diag,central,0.6182510790602552,0.004602419963626275,0.9252115885416666,1.7372095199779054,0.05031998952229818,0.03800455729166662,1.704774937631252e-05
bimodal,202,gaussian_diag,extrapolated,0.573766980735654,0.17275964697432475,0.7263454861111112,1.136173124633649,0.0891278584798177,0.15543619791666666,1.5737000164032604e-05
bimodal,202,gaussian_rank2,boundary,0.444933653044747,0.002771052915571275,0.8864474826388888,1.373966343993019,0.06220181783040365,0.11422526041666665,2.1974812019228313e-05
bimodal,202,gaussian_rank2,central,0.5844161038959078,0.00228495583178153,0.9338650173611112,1.770194078619127,0.051539103190104164,0.05169270833333331,2.7361978330494214e-05
bimodal,202,gaussian_rank2,extrapolated,0.528740606701963,0.12797229328097484,0.7847493489583334,1.2818492781676434,0.13838926951090494,0.24601236979166666,2.089929087863614e-05
bimodal,202,gp_rbf,boundary,0.46495216901428216,0.005465792402281555,0.8841145833333334,1.3725851294855618,0.06223233540852865,0.11487630208333334,2.631249905486281e-05
bimodal,202,gp_rbf,central,0.6416683158712106,0.016089522084896456,0.7851019965277778,1.3390740258642049,0.04905128479003906,0.025162760416666652,2.5272582812855642e-05
bimodal,202,gp_rbf,extrapolated,1.9725686735622243,2.5669412046943676,0.6239149305555556,3.179249001036691,0.049031575520833336,0.023177083333333307,2.7531248633749783e-05
bimodal,202,mdn4,boundary,0.4361969791461405,0.0029192025093078416,0.8922797309027778,1.4328551198527206,0.04961967468261719,0.03235677083333331,0.00014113974975765
bimodal,202,mdn4,central,0.5748213729698196,0.0053494968686505365,0.892822265625,1.5627680580896646,0.04918034871419271,0.028352864583333314,0.0001479010412973
bimodal,202,mdn4,extrapolated,0.8832153548369729,0.5213999011439986,0.6005045572916666,1.4147112099969041,0.06889724731445312,0.10364583333333333,0.00015415364638705
bimodal,202,ridge,boundary,0.45603068168368566,0.006926299612157717,0.9111328125,1.6286527039790741,0.08252652486165364,0.18160807291666667,9.385417797602711e-06
bimodal,202,ridge,central,0.5930759642331499,0.0047618398755979625,0.9093967013888888,1.6278868738480465,0.049603780110677086,0.03046874999999995,9.70487599261105e-06
bimodal,202,ridge,extrapolated,1.9158853152686686,1.8989159340487136,0.5542534722222222,1.6174596431773345,0.9442927042643229,0.9473958333333332,9.041665180120615e-06
bimodal,202,student_rank2,boundary,0.443845258222025,0.005627035067023888,0.8764105902777778,1.3530392476244655,0.06262556711832683,0.11707356770833334,2.4231770415402327e-05
bimodal,202,student_rank2,central,0.5848653325680662,0.0031707474960726728,0.9415418836805555,1.868273781694352,0.05230172475179037,0.05698242187499999,2.5602437138635043e-05
bimodal,202,student_rank2,extrapolated,0.5029534096860522,0.11800157436802167,0.7883843315972222,1.196363980045993,0.10636711120605469,0.19361979166666665,2.841666719177738e-05
bimodal,202,transformer_mdn4,boundary,0.4393072307548295,0.008894766270302197,0.897705078125,1.490711154892029,0.04877408345540365,0.019010416666666648,0.00147059549999535
bimodal,202,transformer_mdn4,central,0.5893847220803942,0.024448496155574078,0.8628200954861112,1.510026757755596,0.049515724182128906,0.03351236979166667,0.0015340130000064498
bimodal,202,transformer_mdn4,extrapolated,0.638715150127866,0.2713514618171144,0.6947970920138888,1.470005293992931,0.058245340983072914,0.07757161458333332,0.00147571266764615
bimodal,303,edm,boundary,0.48123999819802954,0.03991783931622959,0.8939344618055555,1.4822532484372832,0.049049695332845054,0.023876953124999965,0.0018573047079068
bimodal,303,edm,central,0.579446957851108,0.007965770651285954,0.8985460069444445,1.5965812613702675,0.05127716064453125,0.04931640624999997,0.0018621293323424501
bimodal,303,edm,extrapolated,0.684218857514098,0.26560696314327786,0.7703721788194445,1.5291310254011705,0.16414546966552734,0.30405273437499997,0.00186678127162545
bimodal,303,flow,boundary,0.437428121348721,0.003825501438931954,0.9066569010416666,1.4771296874510549,0.06789207458496094,0.13017578125,0.0017922039793726002
bimodal,303,flow,central,0.5779924126102668,0.0022646250663173333,0.8787163628472222,1.5189496413460783,0.05005423227945963,0.036214192708333294,0.0017872682498515499
bimodal,303,flow,extrapolated,0.6370197045202389,0.20660502929780886,0.9311252170138888,1.7566678178786592,0.3965056737263997,0.5711751302083333,0.0017826675211836
bimodal,303,gaussian_diag,boundary,0.4574127292386865,0.0017949549454991849,0.8997938368055555,1.439337011152784,0.06163215637207031,0.11308593750000001,1.3419270544545723e-05
bimodal,303,gaussian_diag,central,0.613735585880485,0.003503599311520679,0.9086371527777778,1.625415334942745,0.050654093424479164,0.038932291666666646,1.4807290426688269e-05
bimodal,303,gaussian_diag,extrapolated,0.5493788135417197,0.15539385190069513,0.7121853298611112,1.075143812642889,0.10164801279703777,0.16971028645833333,1.4566853982008373e-05
bimodal,303,gaussian_rank2,boundary,0.44236263105950124,0.00319690117588545,0.8930121527777778,1.4471705899845375,0.07068252563476562,0.14710286458333335,2.4972209454669308e-05
bimodal,303,gaussian_rank2,central,0.5862522685332732,0.005063086581215798,0.9177517361111112,1.695115747108989,0.052296956380208336,0.049153645833333294,2.125345902944294e-05
bimodal,303,gaussian_rank2,extrapolated,0.5591666222274997,0.16086883866977655,0.7747938368055555,1.2409763142373902,0.11585203806559245,0.21287434895833335,2.6083334281186883e-05
bimodal,303,gp_rbf,boundary,0.47199778288061095,0.008205403463045675,0.8832465277777778,1.3242552304907305,0.053316752115885414,0.06848958333333333,2.723958217150842e-05
bimodal,303,gp_rbf,central,0.6285900572336011,0.004025686205363013,0.7888454861111112,1.3327235799471648,0.0488427480061849,0.021777343749999973,2.790279055867965e-05
bimodal,303,gp_rbf,extrapolated,1.3791974172601067,1.3374477458168295,0.7280815972222222,2.5035765902227736,0.0487372080485026,0.0185872395833333,2.2335041042727728e-05
bimodal,303,mdn4,boundary,0.43116359945112404,0.00365754953071531,0.9044325086805555,1.4793447137477724,0.04936027526855469,0.026367187499999955,0.0001566215202425
bimodal,303,mdn4,central,0.5747577580698585,0.004987206313135959,0.8796115451388888,1.498304528666486,0.04941368103027344,0.02949218749999998,0.0001438498329662
bimodal,303,mdn4,extrapolated,0.5893174616710198,0.24078373420685728,0.8653157552083334,1.858373787493426,0.06874815622965495,0.11954752604166667,0.00015251997804925
bimodal,303,ridge,boundary,0.45289390762706344,0.010175159941051963,0.9021267361111112,1.5484041356053455,0.08253415425618489,0.17932942708333335,1.0262165839473406e-05
bimodal,303,ridge,central,0.5912470268279687,0.003677908234487821,0.9011501736111112,1.573192620047312,0.04859097798665365,0.01526692708333327,9.2569583406051e-06
bimodal,303,ridge,extrapolated,1.9248027090067403,1.897729237782811,0.5441080729166666,1.5660336648620568,0.9433752695719401,0.9469075520833332,9.121499412382642e-06
bimodal,303,student_rank2,boundary,0.4389474310298744,0.004552721555281198,0.8950737847222222,1.4446359347828943,0.06613000233968098,0.13025716145833335,2.5056416537457455e-05
bimodal,303,student_rank2,central,0.5943876670732994,0.013956724913268957,0.9212510850694445,1.7779094631830363,0.0525061289469401,0.0484700520833333,2.5877605366986245e-05
bimodal,303,student_rank2,extrapolated,0.5754125588644204,0.17303828435813987,0.7663031684027778,1.1774627337729873,0.10283788045247395,0.17991536458333335,3.1184895002904035e-05
bimodal,303,transformer_mdn4,boundary,0.4287839008968748,0.0021474015432402706,0.9159071180555555,1.462762180480861,0.05023606618245443,0.03566080729166663,0.0014270173536108498
bimodal,303,transformer_mdn4,central,0.5774340905311265,0.004935296968540896,0.84326171875,1.4134296657201884,0.048969268798828125,0.021061197916666625,0.0014897716876778502
bimodal,303,transformer_mdn4,extrapolated,0.5929986563590873,0.23024420981763996,0.7919108072916666,1.6008081137249521,0.07473309834798177,0.13782552083333333,0.00153765537470455
heavy_tailed,101,edm,boundary,0.27530150140735776,0.004607476758289769,0.8978678385416666,0.8179077254894841,0.04952176411946615,0.02783203124999997,0.0018760251659840999
heavy_tailed,101,edm,central,0.25813323997766163,0.0015953357399269292,0.8820529513888888,0.7353039657918354,0.049941062927246094,0.031233723958333303,0.00186677604142455
heavy_tailed,101,edm,extrapolated,0.668155807629189,0.22587378499210642,0.6442328559027778,0.9849824587717483,0.29371070861816406,0.4483072916666666,0.00187612152027815
heavy_tailed,101,flow,boundary,0.27524472114377835,0.0035518099958449355,0.8875054253472222,0.7696507853162481,0.05563131968180338,0.06905924479166664,0.0017936328125263499
heavy_tailed,101,flow,central,0.25678960467450485,0.0010909547273087693,0.8889973958333334,0.7451700707220414,0.049698193868001304,0.03041992187499996,0.00218225347877395
heavy_tailed,101,flow,extrapolated,0.6400360068846944,0.21098649457574867,0.7449273003472222,1.1681136627585207,0.4940331776936849,0.6371744791666666,0.0017894895827339
heavy_tailed,101,gaussian_diag,boundary,0.26921376622012055,0.0008860471655632861,0.87109375,0.7130219833095888,0.04925378163655599,0.024593098958333285,1.2909707341653606e-05
heavy_tailed,101,gaussian_diag,central,0.26218899505331045,0.0015468261857743014,0.9062228732638888,0.7960421723605747,0.049407005310058594,0.026708984374999977,1.3359374861465767e-05
heavy_tailed,101,gaussian_diag,extrapolated,0.6702222122439904,0.22406631945405797,0.3958875868055556,0.6416955390992435,0.057471911112467446,0.069091796875,1.5684895818897836e-05
heavy_tailed,101,gaussian_rank2,boundary,0.2703801575910751,0.0018972273860781662,0.8763292100694445,0.7398713689131609,0.05092620849609375,0.04062499999999997,2.0410604823458318e-05
heavy_tailed,101,gaussian_rank2,central,0.2598025232258658,0.0012877099850794672,0.9115668402777778,0.8178011557741781,0.05194505055745443,0.042529296874999956,2.2020833663797628e-05
heavy_tailed,101,gaussian_rank2,extrapolated,0.5836227109779378,0.19610181235982405,0.6617838541666666,0.9994179648007244,0.06369463602701823,0.09456380208333333,2.353037537735266e-05
heavy_tailed,101,gp_rbf,boundary,0.2796901996360553,0.0016269334683163916,0.9252387152777778,0.9659340942355911,0.059880574544270836,0.1033203125,2.727779307557891e-05
heavy_tailed,101,gp_rbf,central,0.267633326570824,0.0009174099024795183,0.9280056423611112,0.940073137411381,0.0613104502360026,0.10901692708333333,2.6501751563046128e-05
heavy_tailed,101,gp_rbf,extrapolated,0.9415599635453483,0.6393275049369266,0.7266167534722222,1.7776710838781542,0.04956181844075521,0.032161458333333316,2.3196165178281564e-05
heavy_tailed,101,mdn4,boundary,0.27071247976836976,0.002027979038493029,0.8692220052083334,0.7357754633700265,0.051621437072753906,0.047216796874999974,0.00014723522933
heavy_tailed,101,mdn4,central,0.2566592291837345,0.0011329829140190146,0.894775390625,0.7497282251615941,0.049241065979003906,0.0235188802083333,0.0001402908128511
heavy_tailed,101,mdn4,extrapolated,0.7494129473858245,0.3730824237509378,0.607638888888889,1.311541299867773,0.06658395131429036,0.11258138020833335,0.00013668141643085
heavy_tailed,101,ridge,boundary,0.284966192534178,0.006919631822334567,0.9125434027777778,0.8674582785499085,0.0608984629313151,0.09794921875,8.904540057604512e-06
heavy_tailed,101,ridge,central,0.261768170592187,0.0017420318652031867,0.9246961805555555,0.8546899209827264,0.05242729187011719,0.05374348958333331,9.034706939322254e-06
heavy_tailed,101,ridge,extrapolated,1.3682905945404962,0.8380341420068413,0.57470703125,0.8608504231634259,0.9489103953043619,0.9498372395833332,8.793416782282293e-06
heavy_tailed,101,student_rank2,boundary,0.26767441946386716,0.0011256189481123257,0.8599717881944445,0.6975802390448264,0.05025291442871094,0.034407552083333307,2.4668394568531465e-05
heavy_tailed,101,student_rank2,central,0.255982998940018,0.000877191199007929,0.8888075086805555,0.7316865740907645,0.04863897959391276,0.015804036458333292,2.503297946532257e-05
heavy_tailed,101,student_rank2,extrapolated,0.6433857650451632,0.2311840717604773,0.5845811631944444,0.9824802001935292,0.06299654642740886,0.09231770833333332,3.252256162037762e-05
heavy_tailed,101,transformer_mdn4,boundary,0.26801634391617274,0.0016352219476005502,0.8846299913194445,0.775471244334541,0.04976367950439453,0.032438151041666634,0.00146041058299785
heavy_tailed,101,transformer_mdn4,central,0.25960056927637626,0.002227982196017373,0.8849012586805555,0.7399151094970423,0.04939905802408854,0.028906249999999977,0.0015171467093750498
heavy_tailed,101,transformer_mdn4,extrapolated,0.615328154835449,0.2161188535787073,0.6119249131944444,0.971630631207368,0.0576318105061849,0.07493489583333332,0.00145224654139985
heavy_tailed,202,edm,boundary,0.2686760622174279,0.004463413609905043,0.8809136284722222,0.741377421379859,0.04873975118001302,0.018945312499999967,0.00185753124969775
heavy_tailed,202,edm,central,0.26310677323292003,0.0014698375637852397,0.8727756076388888,0.7177032379047962,0.04980341593424479,0.026627604166666628,0.0018624583341685
heavy_tailed,202,edm,extrapolated,0.7845843737938222,0.3055534738271838,0.567355685763889,0.9647593098739584,0.3390932083129883,0.48100585937499996,0.00186071008283755
heavy_tailed,202,flow,boundary,0.27053707902370877,0.003950990716595284,0.8800998263888888,0.7361516558968105,0.05407174428304037,0.056526692708333305,0.00178599391559445
heavy_tailed,202,flow,central,0.26222337099180576,0.0010673585190371525,0.8650444878472222,0.6889954044855457,0.049048423767089844,0.024951171874999983,0.0017924765609980502
heavy_tailed,202,flow,extrapolated,0.7177951985012591,0.2701574356300089,0.7274034288194445,1.2730909610467431,0.5251932144165039,0.6600423177083333,0.00179886370824525
heavy_tailed,202,gaussian_diag,boundary,0.2659562370454741,0.0023037559570816147,0.8772786458333334,0.7200280240387938,0.050220489501953125,0.035546874999999964,1.3193563063396141e-05
heavy_tailed,202,gaussian_diag,central,0.26560109334284693,0.0011088477833441125,0.8974338107638888,0.77392309582185,0.04944960276285807,0.02566731770833329,1.4912311598891392e-05
heavy_tailed,202,gaussian_diag,extrapolated,0.6023816298183158,0.19399182237370735,0.6721462673611112,1.031645368589188,0.14440377553304037,0.250732421875,1.4729166044465577e-05
heavy_tailed,202,gaussian_rank2,boundary,0.26156636837570857,0.0010087918038020906,0.8694661458333334,0.7050991862452819,0.04958470662434896,0.029296874999999972,2.038716653866383e-05
heavy_tailed,202,gaussian_rank2,central,0.26455291448132984,0.0014284740708417887,0.8992784288194445,0.7912820433903724,0.04883511861165365,0.019335937499999966,2.298610343132168e-05
heavy_tailed,202,gaussian_rank2,extrapolated,0.5520009953474431,0.16880476480565407,0.8203396267361112,1.3728519432955497,0.13431580861409506,0.24565429687499998,2.3411436510893207e-05
heavy_tailed,202,gp_rbf,boundary,0.269981936951569,0.0009745253120362667,0.9249674479166666,0.9348653705432962,0.06052970886230469,0.10771484375,4.3364581263934575e-05
heavy_tailed,202,gp_rbf,central,0.2718848679602982,0.000999285562063479,0.9206271701388888,0.9257671437661865,0.05914624532063802,0.09599609375,2.7949623472522944e-05
heavy_tailed,202,gp_rbf,extrapolated,1.0113723112778128,0.7075464908530794,0.6739366319444445,1.8443302047159416,0.0496832529703776,0.030631510416666636,2.2453124984167516e-05
heavy_tailed,202,mdn4,boundary,0.261467010700986,0.0018906542203779811,0.8800184461805555,0.7328964281417919,0.04892889658610026,0.022835286458333316,0.0001404227708311
heavy_tailed,202,mdn4,central,0.26799337484680813,0.003276912860382348,0.8661295572916666,0.7169410380988029,0.049663543701171875,0.03245442708333333,0.00014259896003445
heavy_tailed,202,mdn4,extrapolated,0.9185093440077683,0.4701040740547868,0.5445963541666666,1.0291255629160763,0.06610298156738281,0.09361979166666666,0.00013846006307469998
heavy_tailed,202,ridge,boundary,0.2717337705424729,0.005573872451244146,0.8993598090277778,0.8141483055864348,0.05595588684082031,0.07744140624999998,8.828123100101948e-06
heavy_tailed,202,ridge,central,0.26485139007299024,0.0015511737088813888,0.9081488715277778,0.8123764422746502,0.0505822499593099,0.03199869791666663,8.862831843240807e-06
heavy_tailed,202,ridge,extrapolated,1.4785383559132816,0.9476569474817667,0.573459201388889,0.8112333754512672,0.94921875,0.9499999999999998,1.3505208092586448e-05
heavy_tailed,202,student_rank2,boundary,0.2618555825677856,0.0014945810402994541,0.8722873263888888,0.7174747718559046,0.05048433939615885,0.03662109374999997,2.4822895890489843e-05
heavy_tailed,202,student_rank2,central,0.26473170331305884,0.0020999916142960527,0.8749457465277778,0.729340867480957,0.04878107706705729,0.01988932291666665,2.83064364339225e-05
heavy_tailed,202,student_rank2,extrapolated,0.5560193378990181,0.1636927448318116,0.8329264322916666,1.4197408162360095,0.16488075256347656,0.2942708333333333,2.7980895538348705e-05
heavy_tailed,202,transformer_mdn4,boundary,0.26146338035789424,0.001381508773288402,0.8881564670138888,0.7556354791899323,0.0491180419921875,0.023209635416666628,0.0015341449591990501
heavy_tailed,202,transformer_mdn4,central,0.263881007231413,0.0021193747572197876,0.8722873263888888,0.718832683851315,0.04896354675292969,0.023828124999999978,0.0014242404577088999
heavy_tailed,202,transformer_mdn4,extrapolated,0.5593640257185947,0.18503326179934262,0.7287326388888888,1.1826030841802877,0.07234446207682292,0.11910807291666668,0.00150039585544915
heavy_tailed,303,edm,boundary,0.2695801331071365,0.005075845101284392,0.9003363715277778,0.8072678039125912,0.0493475596110026,0.027669270833333315,0.0018596171867102
heavy_tailed,303,edm,central,0.26675068178495825,0.0024507395169590745,0.8607855902777778,0.6910236487298574,0.05004310607910156,0.033300781249999974,0.001866759541978
heavy_tailed,303,edm,extrapolated,0.6380706557892047,0.20765759302734357,0.6864691840277778,1.0378167472829516,0.2450863520304362,0.3911946614583333,0.0018558003333358
heavy_tailed,303,flow,boundary,0.2691272269311171,0.00431951592628579,0.9085557725694445,0.8195973264928496,0.05627218882242838,0.07596028645833332,0.0017866258749563001
heavy_tailed,303,flow,central,0.264046949354308,0.0010498505402952725,0.8562282986111112,0.665525737606209,0.0489044189453125,0.020638020833333295,0.00179486633351185
heavy_tailed,303,flow,extrapolated,0.5806034207773209,0.1773729185074653,0.7969835069444445,1.2279349731172928,0.4454460144042969,0.60087890625,0.0017863749999378002
heavy_tailed,303,gaussian_diag,boundary,0.2657721084538626,0.0012326213879032143,0.923095703125,0.8658117553224951,0.04987176259358724,0.030875651041666622,1.3710062679213783e-05
heavy_tailed,303,gaussian_diag,central,0.2674368570457037,0.0013839354445523257,0.8917914496527778,0.7573682416649629,0.05060005187988281,0.0355794270833333,1.4323792129289359e-05
heavy_tailed,303,gaussian_diag,extrapolated,0.5373695235338923,0.16178603617082446,0.7833116319444445,1.1530765187228402,0.16523202260335287,0.23800455729166667,1.6774312825873494e-05
heavy_tailed,303,gaussian_rank2,boundary,0.2634060693671331,0.0018300790523416474,0.9124891493055555,0.8251006815170036,0.05112330118815104,0.04287109374999997,2.015277156412291e-05
heavy_tailed,303,gaussian_rank2,central,0.2668736874883061,0.001930998561495777,0.8851725260416666,0.7425356309979252,0.05024083455403646,0.03336588541666665,2.2745666986641783e-05
heavy_tailed,303,gaussian_rank2,extrapolated,0.5517328843214304,0.16578336754113848,0.7494303385416666,1.0615704447232925,0.11436716715494792,0.20283203125000002,2.3438374531300123e-05
heavy_tailed,303,gp_rbf,boundary,0.2713693875168203,0.0022296044341674416,0.7116427951388888,0.460894687748809,0.049680074055989586,0.036328125,3.145312560567012e-05
heavy_tailed,303,gp_rbf,central,0.27042166679567214,0.00047430157565640893,0.7163628472222222,0.46285466851091184,0.04928016662597656,0.029069010416666666,3.7848959133649864e-05
heavy_tailed,303,gp_rbf,extrapolated,1.0297245484484125,0.6628138133783238,0.46316189236111116,1.4200528396170145,0.04900550842285156,0.022819010416666646,2.319791625874738e-05
heavy_tailed,303,mdn4,boundary,0.26139190236258386,0.0013942717347846662,0.8968098958333334,0.7853123156794443,0.048736572265625,0.01943359374999998,0.00015208768672889998
heavy_tailed,303,mdn4,central,0.263751110880504,0.0010768475538158017,0.8747829861111112,0.7090742171784644,0.04889233907063802,0.020052083333333314,0.00013913977090845
heavy_tailed,303,mdn4,extrapolated,0.6445238340661038,0.23015027382582995,0.7060004340277778,1.1490577707595466,0.06874783833821614,0.10550130208333335,0.0001499696251509
heavy_tailed,303,ridge,boundary,0.27083237580705527,0.005220468396708196,0.9069010416666666,0.8132858216304261,0.05328814188639323,0.05908203124999998,9.001749276649207e-06
heavy_tailed,303,ridge,central,0.26559755624174747,0.0013454416599496793,0.9129774305555555,0.8188948312606352,0.04924329121907552,0.026790364583333285,9.600664877022306e-06
heavy_tailed,303,ridge,extrapolated,1.3691752637169028,0.826493202469155,0.581271701388889,0.8188990147481697,0.94921875,0.9499999999999998,1.0689249999510745e-05
heavy_tailed,303,student_rank2,boundary,0.2581596768198169,0.0007783330565745862,0.9057345920138888,0.801886487992039,0.049011548360188804,0.02368164062499996,3.232985424498717e-05
heavy_tailed,303,student_rank2,central,0.2659419157009949,0.0017273951693977958,0.8792046440972222,0.7314236484726608,0.050231615702311196,0.031038411458333314,2.523610358669733e-05
heavy_tailed,303,student_rank2,extrapolated,0.5323142551010492,0.1455592160986313,0.6665852864583334,0.9067659337695221,0.05351797739664713,0.055940755208333325,2.4659728903012972e-05
heavy_tailed,303,transformer_mdn4,boundary,0.26150799235917715,0.0013238965221919023,0.9101291232638888,0.8265641339212412,0.048996925354003906,0.023388671874999965,0.00136894010453635
heavy_tailed,303,transformer_mdn4,central,0.26768607075756096,0.002726412392545388,0.8610568576388888,0.6853399424631772,0.04978370666503906,0.029264322916666637,0.0014971146047173002
heavy_tailed,303,transformer_mdn4,extrapolated,0.5497861452744811,0.19271145249608715,0.8441026475694445,1.4139681566232805,0.08234596252441406,0.15416666666666667,0.0015019852289696503
linear_gaussian,101,edm,boundary,0.2977239839152196,0.007832169230841039,0.8882649739583334,0.869209742603778,0.048873583475748696,0.023063151041666657,0.0020633793537854
linear_gaussian,101,edm,central,0.2804074560853837,0.0011479166048092894,0.8927951388888888,0.8208171011577833,0.048858960469563804,0.01902669270833328,0.00211407116754945
linear_gaussian,101,edm,extrapolated,0.7685651753550959,0.3195448662735171,0.4641384548611111,0.9055606442113451,0.0507653554280599,0.04983723958333334,0.0021213159792143996
linear_gaussian,101,flow,boundary,0.2862472681687705,0.0011101957488996751,0.8614637586805555,0.7855176386670052,0.049079577128092446,0.026774088541666657,0.0020949079783652
linear_gaussian,101,flow,central,0.28059931268020083,0.0009680800892627396,0.8720703125,0.7814835449040106,0.04856522878011068,0.014794921874999966,0.0020175598971641996
linear_gaussian,101,flow,extrapolated,0.6374216237232381,0.24451092015591835,0.5975477430555556,1.043331304804632,0.05065727233886719,0.048697916666666674,0.0020831979163631
linear_gaussian,101,gaussian_diag,boundary,0.2879163681653542,0.0008494234053835815,0.8790961371527778,0.8175380214485076,0.04883448282877604,0.019596354166666614,1.6269105496273067e-05
linear_gaussian,101,gaussian_diag,central,0.28329676156962796,0.0011038320877001415,0.8836263020833334,0.7960540903943198,0.04845873514811198,0.012825520833333298,1.87100825617866e-05
linear_gaussian,101,gaussian_diag,extrapolated,0.8696448005237453,0.4112486147800327,0.3404405381944444,0.9402149724640835,0.050267537434895836,0.043815104166666674,1.623091642007542e-05
linear_gaussian,101,gaussian_rank2,boundary,0.285721918335095,0.001085235733225585,0.8723415798611112,0.8085006606845545,0.049147605895996094,0.02273763020833329,2.3675334280900035e-05
linear_gaussian,101,gaussian_rank2,central,0.28020317634019004,0.0010435239550861646,0.8940972222222222,0.8225065219171258,0.04863516489664713,0.01593424479166663,2.323264561709948e-05
linear_gaussian,101,gaussian_rank2,extrapolated,0.8289736527203262,0.392484758367365,0.4065212673611111,1.0233684980128894,0.050290425618489586,0.04397786458333333,2.642795880092308e-05
linear_gaussian,101,gp_rbf,boundary,0.29251032259690274,0.0027590528898847545,0.8493923611111112,0.7552141894800272,0.04863866170247396,0.017708333333333316,2.251733288479348e-05
linear_gaussian,101,gp_rbf,central,0.2836905236423744,0.0008133948704364141,0.8522135416666666,0.7349600242146331,0.048642476399739586,0.017187499999999963,5.066491818676392e-05
linear_gaussian,101,gp_rbf,extrapolated,1.186670668608185,0.8314125211220019,0.4163953993055556,1.3893991777860364,0.050685882568359375,0.04902343750000001,2.5446165333657216e-05
linear_gaussian,101,mdn4,boundary,0.2875710392308903,0.0021995545952179624,0.8731282552083334,0.8080749818633999,0.048659960428873696,0.017985026041666626,0.00016889758383815002
linear_gaussian,101,mdn4,central,0.2815769010488705,0.0016563493211199758,0.8880479600694445,0.8184031438880611,0.048996925354003906,0.02374674479166664,0.00016110762468690001
linear_gaussian,101,mdn4,extrapolated,1.048464133802834,0.6033013162804753,0.3627115885416667,0.9973474248955175,0.05066458384195963,0.04877929687500001,0.0001899835200068
linear_gaussian,101,ridge,boundary,0.2837754798365772,0.0004522771889252727,0.8944769965277778,0.8343594401525835,0.04850641886393229,0.0138020833333333,9.14758372042949e-06
linear_gaussian,101,ridge,central,0.2785490052189742,0.00026698368497375793,0.8954535590277778,0.8200824719417813,0.04863675435384115,0.01787109374999995,1.0484376010329774e-05
linear_gaussian,101,ridge,extrapolated,0.28067429981660863,0.0008936986470132833,0.8952907986111112,0.8304060434228854,0.04847081502278646,0.012825520833333317,1.0374998964834958e-05
linear_gaussian,101,student_rank2,boundary,0.28590933409873676,0.0011623003141774536,0.8900553385416666,0.8571178048653402,0.04967721303304037,0.030940755208333292,2.71284576835266e-05
linear_gaussian,101,student_rank2,central,0.28061927499238676,0.0011900067297230688,0.9058430989583334,0.8567764461076884,0.04855918884277344,0.015136718749999946,2.9073791665723547e-05
linear_gaussian,101,student_rank2,extrapolated,0.8142234391184325,0.3884420429349733,0.4900173611111111,1.1397938695426,0.04980341593424479,0.03577473958333333,2.9559916583821177e-05
linear_gaussian,101,transformer_mdn4,boundary,0.2887688768072635,0.0028228987009820488,0.8809136284722222,0.8299256598943474,0.04854742685953776,0.014208984374999968,0.0016406354164549
linear_gaussian,101,transformer_mdn4,central,0.2819825970172703,0.0015318136170276166,0.8772243923611112,0.7917322363105503,0.048682848612467446,0.017366536458333307,0.0015570451456975501
linear_gaussian,101,transformer_mdn4,extrapolated,0.863612851359972,0.4361173139007661,0.5137532552083334,1.1027634449160744,0.050406455993652344,0.045524088541666674,0.00166271702012935
linear_gaussian,202,edm,boundary,0.2895445335234215,0.005047051132737479,0.8727213541666666,0.8104571005032154,0.049029032389322914,0.025813802083333327,0.00189990364742695
linear_gaussian,202,edm,central,0.2828016368246469,0.0009127871435828062,0.8795030381944445,0.8037867673893083,0.04861895243326823,0.01611328124999998,0.0019091875001322
linear_gaussian,202,edm,extrapolated,0.9271125845312832,0.45568233927309726,0.3903537326388889,0.8823359999715538,0.05078125,0.05000000000000001,0.0019070642507964502
linear_gaussian,202,flow,boundary,0.2836943467092793,0.0011604211386475251,0.878173828125,0.7966091678664261,0.048919995625813804,0.019970703124999958,0.00184945139577995
linear_gaussian,202,flow,central,0.28302192835487794,0.0007782086156800962,0.8665093315972222,0.7688226666057073,0.04868475596110026,0.017789713541666637,0.0018478732696773001
linear_gaussian,202,flow,extrapolated,0.46104907777219034,0.12334458540231441,0.8031955295138888,1.1488344461855438,0.04984092712402344,0.03844401041666667,0.0018459062497034
linear_gaussian,202,gaussian_diag,boundary,0.2855383271889697,0.0010768062425355013,0.8850640190972222,0.8125696524287097,0.04894320170084635,0.022233072916666628,2.0335957136315603e-05
linear_gaussian,202,gaussian_diag,central,0.28849058567087543,0.002275872467308895,0.8733995225694445,0.7948293048119645,0.048880577087402344,0.022705078124999983,1.6473957657581195e-05
linear_gaussian,202,gaussian_diag,extrapolated,0.8814022252210226,0.44436784957558845,0.5047743055555556,1.1494833818628403,0.05029010772705078,0.044384765624999996,1.3201396844427412e-05
linear_gaussian,202,gaussian_rank2,boundary,0.282903417387426,0.00087776389251138,0.8631456163194445,0.7735602958971676,0.04926649729410807,0.024723307291666618,2.185068660764955e-05
linear_gaussian,202,gaussian_rank2,central,0.28342438543116094,0.0012177861248569926,0.8980848524305555,0.8418054292282066,0.048662821451822914,0.016861979166666624,2.197568755946122e-05
linear_gaussian,202,gaussian_rank2,extrapolated,0.721420845471355,0.301343664683424,0.509060329861111,0.9806326862425356,0.05070018768310547,0.04910481770833334,2.3236978449858725e-05
linear_gaussian,202,gp_rbf,boundary,0.2844032354263588,0.0005931985192315696,0.8543836805555555,0.7443697083827056,0.04844856262207031,0.012467447916666624,3.018579203247403e-05
linear_gaussian,202,gp_rbf,central,0.2867895255085538,0.0011068450909877457,0.8497178819444445,0.737665290916559,0.04868888854980469,0.01806640624999997,3.964412462664768e-05
linear_gaussian,202,gp_rbf,extrapolated,1.1864210259218744,0.8447259366408182,0.48052300347222227,1.4698869736384939,0.0507055918375651,0.049186197916666674,2.6305540814064443e-05
linear_gaussian,202,mdn4,boundary,0.283220738360421,0.001367586695858826,0.8948296440972222,0.8376639964650333,0.04878648122151693,0.017529296874999947,0.00016358072874325
linear_gaussian,202,mdn4,central,0.286470269819561,0.0025215287291680166,0.8857421875,0.8258661768825689,0.04910405476888021,0.025878906249999986,0.00014025175066
linear_gaussian,202,mdn4,extrapolated,1.126047868335376,0.6819534216995576,0.3622233072916667,1.037660620865375,0.05061753590901693,0.04812825520833334,0.0001383758535666
linear_gaussian,202,ridge,boundary,0.2811210125663195,0.000711305594342489,0.8918728298611112,0.8219906036449856,0.04842694600423177,0.011100260416666612,8.937497720277557e-06
linear_gaussian,202,ridge,central,0.2808909472165977,0.0004237113959536121,0.8925238715277778,0.8224210873341015,0.048535664876302086,0.015364583333333287,1.2277751617754499e-05
linear_gaussian,202,ridge,extrapolated,0.28319291238656447,0.0017714977013083251,0.8892686631944445,0.819782459299125,0.04873530069986979,0.017252604166666612,1.4737874153070152e-05
linear_gaussian,202,student_rank2,boundary,0.2838309505023405,0.0011214239937010209,0.8809407552083334,0.8200780653965474,0.04939874013264974,0.028466796874999954,2.5072041656433914e-05
linear_gaussian,202,student_rank2,central,0.2855071667714701,0.001868226202407533,0.888916015625,0.8441897156542776,0.0487359364827474,0.018326822916666635,2.6949646174519632e-05
linear_gaussian,202,student_rank2,extrapolated,0.7562752663551596,0.37489003075817107,0.7358669704861112,1.6537945693616471,0.05040423075358073,0.04147135416666665,3.483766583182538e-05
linear_gaussian,202,transformer_mdn4,boundary,0.2837553636195259,0.001729830218531488,0.8851453993055555,0.8237648486802303,0.048973401387532554,0.020035807291666614,0.0015472907919805
linear_gaussian,202,transformer_mdn4,central,0.28672541359461295,0.0026671544198073483,0.87060546875,0.787635860661791,0.04875342051188151,0.01971028645833332,0.0015693888951015002
linear_gaussian,202,transformer_mdn4,extrapolated,0.887612226210097,0.4876467913571181,0.4507649739583333,1.1797317708845563,0.050539652506510414,0.04739583333333334,0.0016325989781761998
linear_gaussian,303,edm,boundary,0.29446125740507934,0.009133428141686075,0.8821885850694445,0.8373016715515127,0.04891490936279297,0.023583984374999988,0.00189368489615535
linear_gaussian,303,edm,central,0.2817220171443211,0.001432837761791403,0.8794759114583334,0.7934053821851722,0.04933452606201172,0.026057942708333292,0.0018920816243431498
linear_gaussian,303,edm,extrapolated,0.7877833460189155,0.33214681480285485,0.46875,0.9172764004090147,0.0507653554280599,0.04983723958333334,0.0018967751663391001
linear_gaussian,303,flow,boundary,0.2788264348902728,0.0012093381683258636,0.8980848524305555,0.8342943825197904,0.04880046844482422,0.0187337239583333,0.0018559235832071499
linear_gaussian,303,flow,central,0.28105857453597954,0.0007606721459812553,0.8664279513888888,0.7640627903888544,0.04885991414388021,0.017480468749999954,0.0018583333536904497
linear_gaussian,303,flow,extrapolated,0.5788228453947529,0.19499240950782923,0.6746961805555555,1.070301280539892,0.050656636555989586,0.048697916666666674,0.0019118342303650999
linear_gaussian,303,gaussian_diag,boundary,0.28207469139140956,0.000929011605047944,0.9142252604166666,0.8874339530915734,0.04874070485432943,0.016682942708333297,1.3678833056474105e-05
linear_gaussian,303,gaussian_diag,central,0.2830126382095272,0.0007213477832658895,0.896240234375,0.8247602978140725,0.04993915557861328,0.030615234374999963,1.5321187674999237e-05
linear_gaussian,303,gaussian_diag,extrapolated,0.731353078662857,0.2976237399319024,0.583251953125,1.003839553562526,0.05058828989664713,0.04780273437500001,1.8191853693375983e-05
linear_gaussian,303,gaussian_rank2,boundary,0.27745798708778013,0.0005758061936337597,0.9126247829861112,0.8754119826562555,0.048690478006998696,0.01769205729166663,3.189237516683837e-05
linear_gaussian,303,gaussian_rank2,central,0.28078549636269795,0.0008211719937381811,0.9007161458333334,0.8411946635193033,0.050087928771972656,0.02781575520833329,2.1366333385230973e-05
linear_gaussian,303,gaussian_rank2,extrapolated,0.681152191119543,0.24931290310968124,0.5432942708333334,0.8895430068165812,0.05078125,0.05000000000000001,2.5604146988674376e-05
linear_gaussian,303,gp_rbf,boundary,0.2843333592734596,0.0020719473707046915,0.8486870659722222,0.7268580322656515,0.04866727193196615,0.016894531249999983,3.402254272562762e-05
linear_gaussian,303,gp_rbf,central,0.2834509886286089,0.0006085986932655294,0.8479275173611112,0.730349051117296,0.048641204833984375,0.01458333333333328,2.6354168464119237e-05
linear_gaussian,303,gp_rbf,extrapolated,1.1302832220785068,0.7544767872571517,0.4441189236111111,1.372719964165877,0.05067125956217448,0.04886067708333334,2.8302082985950012e-05
linear_gaussian,303,mdn4,boundary,0.2811315534151628,0.0018895919985078855,0.9071180555555555,0.8845481605516178,0.049576123555501304,0.02950846354166664,0.00015760851965745002
linear_gaussian,303,mdn4,central,0.28242690813631016,0.0016624204126621306,0.8968641493055555,0.8415108728145863,0.04990164438883463,0.02921549479166663,0.00015280466686809998
linear_gaussian,303,mdn4,extrapolated,0.7950357273911671,0.3609767273802953,0.5914442274305556,1.149603874111255,0.05043315887451172,0.046012369791666674,0.00015913977161589998
linear_gaussian,303,ridge,boundary,0.276916397817595,0.0005245485579676083,0.8952365451388888,0.8174947623587833,0.04840914408365885,0.011035156249999963,9.144125215243548e-06
linear_gaussian,303,ridge,central,0.27855284481958886,0.0003339750300265405,0.8985460069444445,0.8245780793765686,0.04864311218261719,0.01565755208333328,9.607625543139877e-06
linear_gaussian,303,ridge,extrapolated,0.2834806288634125,0.003021384932319096,0.8907877604166666,0.824849626269578,0.0486749013264974,0.018847656249999983,1.1357665547014525e-05
linear_gaussian,303,student_rank2,boundary,0.27765652371187327,0.0005943424687238665,0.9244520399305555,0.9132266797300409,0.04901313781738281,0.02190755208333327,2.9071167470344033e-05
linear_gaussian,303,student_rank2,central,0.2809038088336054,0.0009322060400356844,0.91357421875,0.87703957176255,0.05024178822835287,0.032958984374999944,2.5868062948575243e-05
linear_gaussian,303,student_rank2,extrapolated,0.696771477916258,0.2685973852381166,0.5707465277777778,0.9831126790925393,0.0506903330485026,0.04902343750000001,2.9802104108966887e-05
linear_gaussian,303,transformer_mdn4,boundary,0.28296303735438516,0.0029370394583516563,0.9129774305555555,0.8816912068518996,0.04873879750569662,0.01889648437499995,0.0016125616251277
linear_gaussian,303,transformer_mdn4,central,0.28479874349195944,0.0027583449330966,0.8765190972222222,0.7930329389592711,0.04989496866861979,0.03196614583333329,0.00152555206295795
linear_gaussian,303,transformer_mdn4,extrapolated,0.8851468098728784,0.47411167028855655,0.5333930121527778,1.3104433346425772,0.05049832661946615,0.04658203125000001,0.00153041754310825
nonlinear_heteroskedastic,101,edm,boundary,0.3310332096245278,0.007668214415530644,0.8796929253472222,0.9310891567734293,0.04908116658528646,0.02604166666666666,0.00191982204220645
nonlinear_heteroskedastic,101,edm,central,0.2811743057044434,0.0016699714932779663,0.8779568142361112,0.7928886416200185,0.05068270365397135,0.03304036458333331,0.0019059418542989
nonlinear_heteroskedastic,101,edm,extrapolated,0.6915925890999962,0.2332496577964168,0.6510687934027778,1.0760640996792614,0.07711410522460938,0.14518229166666666,0.00189378470774195
nonlinear_heteroskedastic,101,flow,boundary,0.32384188973708555,0.0027933117120544026,0.879638671875,0.9170314163883392,0.04969151814778646,0.02968749999999995,0.0018141232697719497
nonlinear_heteroskedastic,101,flow,central,0.27958951847658725,0.001001287076767135,0.8733723958333334,0.7751176577095887,0.0493615468343099,0.024316406249999954,0.0017919609381351002
nonlinear_heteroskedastic,101,flow,extrapolated,0.6162073862735064,0.1893937444891017,0.7976888020833334,1.325481272410954,0.1433877944946289,0.27228190104166666,0.00182291493911175
nonlinear_heteroskedastic,101,gaussian_diag,boundary,0.3231500552925899,0.0013444033170593762,0.8779839409722222,0.9002665361762218,0.04888788859049479,0.019921874999999954,1.631162497991075e-05
nonlinear_heteroskedastic,101,gaussian_diag,central,0.2828452839456985,0.001371014997801248,0.8911946614583334,0.8170044139499497,0.04877694447835287,0.017594401041666638,1.4125875168247148e-05
nonlinear_heteroskedastic,101,gaussian_diag,extrapolated,0.5993852764781527,0.18291854094500049,0.610595703125,1.059691990788074,0.05946890513102213,0.08852539062499999,1.3512145718171572e-05
nonlinear_heteroskedastic,101,gaussian_rank2,boundary,0.31997135072176847,0.0015841046724069184,0.8837076822916666,0.9317967116529023,0.049866040547688804,0.03318684895833329,2.3439228243660182e-05
nonlinear_heteroskedastic,101,gaussian_rank2,central,0.27990749151902405,0.0012735630825743375,0.899169921875,0.8330022887507451,0.04901885986328125,0.023600260416666647,2.1338541652464e-05
nonlinear_heteroskedastic,101,gaussian_rank2,extrapolated,0.6323531319020195,0.21268413634128866,0.7159016927083334,1.3831414340917387,0.0668792724609375,0.11660156249999999,2.3631062504136935e-05
nonlinear_heteroskedastic,101,gp_rbf,boundary,0.328353222666133,0.0033267370735572664,0.8912760416666666,0.9677465195736636,0.04853121439615885,0.014941406249999947,2.68246658379212e-05
nonlinear_heteroskedastic,101,gp_rbf,central,0.28649035963812125,0.0009225337241597392,0.9152018229166666,0.9418370051229717,0.05926831563313802,0.09436848958333333,2.8133666395054508e-05
nonlinear_heteroskedastic,101,gp_rbf,extrapolated,1.0824742037482562,0.7860392810610413,0.6341145833333334,1.780996572099809,0.04961967468261719,0.03486328125,2.614929204961906e-05
nonlinear_heteroskedastic,101,mdn4,boundary,0.3228620242699756,0.0029282160776600108,0.8816460503472222,0.9434293176267899,0.04919115702311198,0.024446614583333293,0.0001465416668603
nonlinear_heteroskedastic,101,mdn4,central,0.27992790681457214,0.0014096242918041613,0.8884548611111112,0.8094037618436435,0.048965771993001304,0.021630859374999967,0.0001446857689491
nonlinear_heteroskedastic,101,mdn4,extrapolated,0.811736660745622,0.38171588167968357,0.5842827690972222,1.2067464878871081,0.05151971181233724,0.046923828124999976,0.0001456414999362
nonlinear_heteroskedastic,101,ridge,boundary,0.33304452169399196,0.006229102301029942,0.8664279513888888,0.8982240719533922,0.04880396525065104,0.019726562499999985,9.100709576159716e-06
nonlinear_heteroskedastic,101,ridge,central,0.2828479721596963,0.0018198239053369956,0.9143337673611112,0.8857293577673401,0.05360603332519531,0.05719401041666666,9.645834021891156e-06
nonlinear_heteroskedastic,101,ridge,extrapolated,1.3485621793945128,0.819729358689491,0.578884548611111,0.892386846401564,0.9461491902669271,0.9483723958333332,8.862875498986492e-06
nonlinear_heteroskedastic,101,student_rank2,boundary,0.319899079655056,0.001412729047940259,0.8870442708333334,0.947788765697471,0.05000464121500651,0.03536783854166663,2.6397563487989828e-05
nonlinear_heteroskedastic,101,student_rank2,central,0.27947488793078845,0.0011354949033708958,0.896240234375,0.8263035818965249,0.04871050516764323,0.017220052083333295,2.5819438936499257e-05
nonlinear_heteroskedastic,101,student_rank2,extrapolated,0.6254376709178445,0.20858318668489062,0.7297092013888888,1.4416890136731475,0.06409072875976562,0.10878906249999999,2.397829181669901e-05
nonlinear_heteroskedastic,101,transformer_mdn4,boundary,0.31990472934781344,0.0012540258706263117,0.8843858506944445,0.9305268565160326,0.049088478088378906,0.022542317708333277,0.0022362578141231003
nonlinear_heteroskedastic,101,transformer_mdn4,central,0.2831031861243598,0.002650610493751975,0.8726128472222222,0.7800188710155792,0.0487219492594401,0.019335937499999966,0.0014908055636624
nonlinear_heteroskedastic,101,transformer_mdn4,extrapolated,0.6064391043555281,0.19483600355478173,0.6597222222222222,1.1228053753364777,0.053858439127604164,0.062076822916666656,0.00165863020811225
nonlinear_heteroskedastic,202,edm,boundary,0.32878800554806514,0.005588263891276142,0.8699544270833334,0.8983436626145004,0.0488739013671875,0.02314453124999999,0.00186682637528665
nonlinear_heteroskedastic,202,edm,central,0.2912272065154965,0.0023828013922074748,0.8837076822916666,0.8318516537895313,0.04983647664388021,0.029427083333333298,0.00186673264640065
nonlinear_heteroskedastic,202,edm,extrapolated,0.7974272043664846,0.299975053793131,0.5942925347222222,1.0402849388122795,0.10877799987792969,0.1952473958333333,0.0018849496664187998
nonlinear_heteroskedastic,202,flow,boundary,0.3316709149609684,0.005512565948485191,0.8702799479166666,0.8960392039610654,0.05112584431966146,0.04026692708333331,0.0018174774365130502
nonlinear_heteroskedastic,202,flow,central,0.2896689364648562,0.0011294951583177093,0.8471408420138888,0.7467359962834482,0.04895909627278646,0.022558593749999984,0.0018133602716261
nonlinear_heteroskedastic,202,flow,extrapolated,0.748122078830684,0.2831048514971803,0.7553439670138888,1.3871331632606978,0.34105587005615234,0.504931640625,0.0017971319587862
nonlinear_heteroskedastic,202,gaussian_diag,boundary,0.33483585943818944,0.007053405653593268,0.8784993489583334,0.9254464015966667,0.05475425720214844,0.07060546874999998,1.6141499751635518e-05
nonlinear_heteroskedastic,202,gaussian_diag,central,0.29322875506712415,0.002441201773149519,0.8738606770833334,0.8006071425904605,0.04884751637776693,0.020361328124999974,2.057554229395464e-05
nonlinear_heteroskedastic,202,gaussian_diag,extrapolated,0.6122676531604582,0.18284197116610254,0.7210015190972222,1.3523119276712097,0.11102358500162761,0.22392578124999998,1.3381957008580988e-05
nonlinear_heteroskedastic,202,gaussian_rank2,boundary,0.32521123767879395,0.0033236312954966186,0.8747829861111112,0.9159975800144755,0.05149618784586588,0.04588216145833329,2.5467875578518335e-05
nonlinear_heteroskedastic,202,gaussian_rank2,central,0.29012161956348614,0.002501432489979251,0.887939453125,0.8379644910218929,0.04874356587727865,0.020182291666666647,2.445660478163821e-05
nonlinear_heteroskedastic,202,gaussian_rank2,extrapolated,0.5814772289577738,0.15768578492800325,0.7854817708333334,1.4065699349499654,0.10383892059326172,0.20763346354166667,2.0624125075604145e-05
nonlinear_heteroskedastic,202,gp_rbf,boundary,0.3237098754452436,0.0007509536491189459,0.89111328125,0.9496116493637848,0.04910405476888021,0.025781249999999933,2.903470885939896e-05
nonlinear_heteroskedastic,202,gp_rbf,central,0.29531681095056644,0.0014312552717979715,0.9069552951388888,0.9403755112361044,0.054486592610677086,0.06751302083333331,3.081249936561411e-05
nonlinear_heteroskedastic,202,gp_rbf,extrapolated,1.0213513995815622,0.7065028278465982,0.6890190972222222,1.873383981825915,0.04960187276204427,0.034277343749999994,2.2730918620557834e-05
nonlinear_heteroskedastic,202,mdn4,boundary,0.3209344324480456,0.0013974514437069048,0.9087999131944445,0.9872601192799791,0.04917208353678385,0.024609374999999947,0.00014763368744745
nonlinear_heteroskedastic,202,mdn4,central,0.29422390319428726,0.003948500481730916,0.8794759114583334,0.8271974414656008,0.04897785186767578,0.02387695312499998,0.00014115885399704998
nonlinear_heteroskedastic,202,mdn4,extrapolated,0.8245386109795252,0.396304099491719,0.5888129340277778,1.3366492871688032,0.058321634928385414,0.07294921874999999,0.00014151995856075
nonlinear_heteroskedastic,202,ridge,boundary,0.3308215039188214,0.00613235664319237,0.8566080729166666,0.8804265109554761,0.04865264892578125,0.0167317708333333,9.100707150840511e-06
nonlinear_heteroskedastic,202,ridge,central,0.28980837321570807,0.0015511018274943196,0.9018012152777778,0.8781139099377193,0.052357991536458336,0.04518229166666666,1.0401042042455323e-05
nonlinear_heteroskedastic,202,ridge,extrapolated,1.4761758256628408,0.958602145879627,0.5669487847222222,0.8769096506890909,0.94921875,0.9499999999999998,8.897581816806147e-06
nonlinear_heteroskedastic,202,student_rank2,boundary,0.32734599063143205,0.00407486313412509,0.8894585503472222,0.9655655626689029,0.052580833435058594,0.05372721354166663,2.412239579522672e-05
nonlinear_heteroskedastic,202,student_rank2,central,0.28966139415400494,0.002088472799909652,0.8904893663194445,0.851550946759727,0.04859097798665365,0.016503906249999967,2.557118811334173e-05
nonlinear_heteroskedastic,202,student_rank2,extrapolated,0.5802946765887966,0.15539837893938233,0.8013237847222222,1.4944718611899066,0.1031192143758138,0.20450846354166666,2.380295821543162e-05
nonlinear_heteroskedastic,202,transformer_mdn4,boundary,0.3222577718586577,0.0026690133412029453,0.8941514756944445,0.9612221172651472,0.04894065856933594,0.02080078124999996,0.0014255407926005
nonlinear_heteroskedastic,202,transformer_mdn4,central,0.2930095762870449,0.003184806177258123,0.8623046875,0.7831320636278568,0.048964500427246094,0.023681640624999997,0.0014503020829578501
nonlinear_heteroskedastic,202,transformer_mdn4,extrapolated,0.6078655391568462,0.2013718138215241,0.72412109375,1.351915242689323,0.05792808532714844,0.07845052083333333,0.00154012239606035
nonlinear_heteroskedastic,303,edm,boundary,0.32319452684808464,0.007143587203103475,0.8943413628472222,0.9374950274750357,0.048652331034342446,0.018082682291666635,0.0018653732489231
nonlinear_heteroskedastic,303,edm,central,0.2803959383224593,0.0030321236198266187,0.8701443142361112,0.7833956808024216,0.05276711781819662,0.054215494791666645,0.00189392362396265
nonlinear_heteroskedastic,303,edm,extrapolated,0.6658431035086364,0.20769234939682424,0.68408203125,1.1205319589727927,0.11229610443115234,0.2169759114583333,0.0018666657924768
nonlinear_heteroskedastic,303,flow,boundary,0.31952068598393646,0.005450832110602533,0.8952365451388888,0.926492903598252,0.05055554707845052,0.03886718749999996,0.00179484029164685
nonlinear_heteroskedastic,303,flow,central,0.27786182691738276,0.001008622687278273,0.852783203125,0.7310288469367373,0.04924647013346354,0.026269531249999964,0.0018041970409588502
nonlinear_heteroskedastic,303,flow,extrapolated,0.5818232002846461,0.16058943174001974,0.8184407552083334,1.2974051215164093,0.218904177347819,0.37569986979166664,0.0017964626883136502
nonlinear_heteroskedastic,303,gaussian_diag,boundary,0.31570748119726383,0.0010686438800231084,0.9169379340277778,0.987729391682813,0.048993428548177086,0.02161458333333327,1.6144104544461395e-05
nonlinear_heteroskedastic,303,gaussian_diag,central,0.2798704351714826,0.001253463547487848,0.9037000868055555,0.8356549167010096,0.05071417490641276,0.04047851562499996,1.4390624225294838e-05
nonlinear_heteroskedastic,303,gaussian_diag,extrapolated,0.5351234429438022,0.1342360524408114,0.7218424479166666,1.0765474976084104,0.07161744435628255,0.10867513020833335,1.4660582867994284e-05
nonlinear_heteroskedastic,303,gaussian_rank2,boundary,0.3118864083078089,0.0014903714121808267,0.9201117621527778,0.9897935535604487,0.05001131693522135,0.03512369791666662,2.189933366025798e-05
nonlinear_heteroskedastic,303,gaussian_rank2,central,0.2788355708613585,0.0016912624734695232,0.9149034288194445,0.8722996635269942,0.05120086669921875,0.04189453124999997,2.1832478523720056e-05
nonlinear_heteroskedastic,303,gaussian_rank2,extrapolated,0.5308034523032044,0.12711369153826088,0.7524685329861112,1.102629154970747,0.05857499440511068,0.08103841145833333,2.316320751560852e-05
nonlinear_heteroskedastic,303,gp_rbf,boundary,0.3182159254770798,0.002548775448323879,0.8904622395833334,0.9330586672780511,0.04856681823730469,0.016178385416666618,2.9845500345497083e-05
nonlinear_heteroskedastic,303,gp_rbf,central,0.2834311529461791,0.0007523662983892951,0.9120551215277778,0.9393964017880067,0.057708740234375,0.09192708333333333,2.528475063930576e-05
nonlinear_heteroskedastic,303,gp_rbf,extrapolated,1.024252907695501,0.6970718867666128,0.6583658854166666,1.7625766279438964,0.04969024658203125,0.036328125,2.3965289680442463e-05
nonlinear_heteroskedastic,303,mdn4,boundary,0.31400104434767356,0.0023209019542405583,0.8946940104166666,0.9559644062598623,0.04887167612711588,0.02097981770833329,0.00014145833362510003
nonlinear_heteroskedastic,303,mdn4,central,0.2791811536512299,0.0018700461075438022,0.9049750434027778,0.8509682744972115,0.05075995127360026,0.038297526041666634,0.00014882118678839998
nonlinear_heteroskedastic,303,mdn4,extrapolated,0.5233533045294925,0.13034177177993894,0.828857421875,1.2689601435685438,0.055063883463541664,0.06757812499999999,0.0001407656248678
nonlinear_heteroskedastic,303,ridge,boundary,0.32073986673521665,0.005176806830975292,0.8761935763888888,0.8879983916021433,0.04855473836263021,0.01464843749999997,1.2033000530209392e-05
nonlinear_heteroskedastic,303,ridge,central,0.2780574642187469,0.001388205163490425,0.9229058159722222,0.8953418613483496,0.05147679646809896,0.04889322916666664,1.0614584122473994e-05
nonlinear_heteroskedastic,303,ridge,extrapolated,1.3446493185195092,0.815714770722244,0.5889214409722222,0.8946237449083223,0.9479866027832031,0.9493489583333332,9.114584827329963e-06
nonlinear_heteroskedastic,303,student_rank2,boundary,0.3109890144854164,0.0010160344510132832,0.9235026041666666,1.0037530278486086,0.04913202921549479,0.024153645833333275,3.182725049555302e-05
nonlinear_heteroskedastic,303,student_rank2,central,0.27783468227893643,0.001156839232320768,0.8949924045138888,0.8221330034592517,0.04918320973714193,0.02319335937499997,2.4793395520343136e-05
nonlinear_heteroskedastic,303,student_rank2,extrapolated,0.5545038676560182,0.13528842536962218,0.6835394965277778,1.0242926534540784,0.05451774597167969,0.062109374999999994,2.7026041304149356e-05
nonlinear_heteroskedastic,303,transformer_mdn4,boundary,0.3131101409367591,0.0013342758697219741,0.9073893229166666,0.9726617719626889,0.0492242177327474,0.023502604166666635,0.0014348767496509
nonlinear_heteroskedastic,303,transformer_mdn4,central,0.28091111950753184,0.0028165378402218427,0.876953125,0.7828252315703671,0.05064932505289713,0.041748046874999965,0.00154017537594575
nonlinear_heteroskedastic,303,transformer_mdn4,extrapolated,0.6297472836998333,0.23246582807822255,0.7870008680555555,1.4483332801141549,0.054588635762532554,0.06316731770833332,0.0014595390615188997
